command,mean,stddev,median,user,system,min,max
dune exec sudoku9,31.84881471606,0.13505968540743793,31.84828705206,31.57344994,1.2742601399999998,31.55423800256,32.03482283656
