command,mean,stddev,median,user,system,min,max
dune exec sudoku4,0.1961295120975,0.01377250109614622,0.19352614116000003,0.541583815,0.430462735,0.18320115066000003,0.24069712666000004
