{
  "results": [
    {
      "command": "dune exec sudoku4",
      "mean": 0.2272889032015385,
      "stddev": 0.01831570377310363,
      "median": 0.22185818674000002,
      "user": 0.658120103076923,
      "system": 0.49330749846153843,
      "min": 0.20934120274000004,
      "max": 0.27459135574000004,
      "times": [
        0.21320634174000003,
        0.23033010374000004,
        0.27459135574000004,
        0.21759709374000002,
        0.21725933874000003,
        0.22914518074000004,
        0.25419431174,
        0.22083902474000003,
        0.22272099374000004,
        0.20934120274000004,
        0.23145606074000002,
        0.21221654674000004,
        0.22185818674000002
      ],
      "exit_codes": [
        0,
        0,
        0,
        0,
        0,
        0,
        0,
        0,
        0,
        0,
        0,
        0,
        0
      ]
    }
  ]
}
