{
  "results": [
    {
      "command": "dune exec sudoku4",
      "mean": 0.21781652195,
      "stddev": 0.010372676692551881,
      "median": 0.2141438152,
      "user": 0.6231940266666666,
      "system": 0.5170988000000001,
      "min": 0.2087122202,
      "max": 0.24307095920000002,
      "times": [
        0.24307095920000002,
        0.2180930492,
        0.2227018972,
        0.2107462252,
        0.2143082712,
        0.2117671322,
        0.2096125942,
        0.23249184620000002,
        0.2113436442,
        0.2169710652,
        0.2087122202,
        0.2139793592
      ],
      "exit_codes": [
        0,
        0,
        0,
        0,
        0,
        0,
        0,
        0,
        0,
        0,
        0,
        0
      ]
    }
  ]
}
