{
  "results": [
    {
      "command": "dune exec sudoku9",
      "mean": 31.84881471606,
      "stddev": 0.13505968540743793,
      "median": 31.84828705206,
      "user": 31.57344994,
      "system": 1.2742601399999998,
      "min": 31.55423800256,
      "max": 32.03482283656,
      "times": [
        31.96917582856,
        31.84994310456,
        32.03482283656,
        31.79233086756,
        31.96671732856,
        31.903860990560002,
        31.79195971556,
        31.77846748656,
        31.846630999560002,
        31.55423800256
      ],
      "exit_codes": [
        0,
        0,
        0,
        0,
        0,
        0,
        0,
        0,
        0,
        0
      ]
    }
  ]
}
