command,mean,stddev,median,user,system,min,max
timeout 120 racket sudoku9-untyped.rkt,120.01249301456001,0.0006676632420098769,120.01252674466,119.56224786,0.43850222,120.01130227216001,120.01353826416
