command,mean,stddev,median,user,system,min,max
dune exec sudoku9-hard,28.04260031608,0.16073398788841944,28.03592350558,27.82191488,1.19820964,27.82219016558,28.32424719658
