command,mean,stddev,median,user,system,min,max
dune exec sudoku4,0.21781652195,0.010372676692551881,0.2141438152,0.6231940266666666,0.5170988000000001,0.2087122202,0.24307095920000002
