command,mean,stddev,median,user,system,min,max
dune exec sudoku4,0.2272889032015385,0.01831570377310363,0.22185818674000002,0.658120103076923,0.49330749846153843,0.20934120274000004,0.27459135574000004
