{
  "results": [
    {
      "command": "timeout 120 racket sudoku9-untyped.rkt",
      "mean": 120.01249301456001,
      "stddev": 0.0006676632420098769,
      "median": 120.01252674466,
      "user": 119.56224786,
      "system": 0.43850222,
      "min": 120.01130227216001,
      "max": 120.01353826416,
      "times": [
        120.01130227216001,
        120.01215146316001,
        120.01312108716,
        120.01243626816,
        120.01353826416,
        120.01287629116001,
        120.01261722116,
        120.01185042916,
        120.01206528816,
        120.01297156116
      ],
      "exit_codes": [
        124,
        124,
        124,
        124,
        124,
        124,
        124,
        124,
        124,
        124
      ]
    }
  ]
}
