command,mean,stddev,median,user,system,min,max
dune exec sudoku9-expert,72.08819571023999,0.38746137087528354,72.16354717644,71.71222191999999,1.37985296,71.42368646694,72.60129508794
