{
  "results": [
    {
      "command": "dune exec sudoku9-expert",
      "mean": 72.08819571023999,
      "stddev": 0.38746137087528354,
      "median": 72.16354717644,
      "user": 71.71222191999999,
      "system": 1.37985296,
      "min": 71.42368646694,
      "max": 72.60129508794,
      "times": [
        71.42368646694,
        71.59591060794,
        72.48510481694,
        72.60129508794,
        71.97146270793999,
        72.29942711094,
        72.17183735393999,
        72.38620184094,
        72.15525699894,
        71.79177410994
      ],
      "exit_codes": [
        0,
        0,
        0,
        0,
        0,
        0,
        0,
        0,
        0,
        0
      ]
    }
  ]
}
