{
  "results": [
    {
      "command": "racket sudoku4-untyped.rkt",
      "mean": 0.7414182070600001,
      "stddev": 0.018849938559684355,
      "median": 0.7363819100600001,
      "user": 0.64780318,
      "system": 0.09156886,
      "min": 0.7200113545600001,
      "max": 0.77252046856,
      "times": [
        0.77252046856,
        0.7642216055600001,
        0.76361109656,
        0.7385596615600001,
        0.7408080275600001,
        0.72835468956,
        0.7309308655600001,
        0.7342041585600001,
        0.7209601425600001,
        0.7200113545600001
      ],
      "exit_codes": [
        0,
        0,
        0,
        0,
        0,
        0,
        0,
        0,
        0,
        0
      ]
    }
  ]
}
