{
  "results": [
    {
      "command": "dune exec sudoku9-medium",
      "mean": 25.8135728884,
      "stddev": 1.424998490050436,
      "median": 25.517002346700004,
      "user": 25.544018540000003,
      "system": 1.2479467999999998,
      "min": 24.912870427700003,
      "max": 29.758810339700002,
      "times": [
        25.5532524187,
        29.758810339700002,
        25.6483537567,
        25.786514039700002,
        25.480752274700002,
        25.7972131627,
        25.0186333077,
        25.168954831700002,
        25.010374324700003,
        24.912870427700003
      ],
      "exit_codes": [
        0,
        0,
        0,
        0,
        0,
        0,
        0,
        0,
        0,
        0
      ]
    }
  ]
}
