{
  "results": [
    {
      "command": "dune exec sudoku4",
      "mean": 0.1961295120975,
      "stddev": 0.01377250109614622,
      "median": 0.19352614116000003,
      "user": 0.541583815,
      "system": 0.430462735,
      "min": 0.18320115066000003,
      "max": 0.24069712666000004,
      "times": [
        0.18320115066000003,
        0.19624572466,
        0.18649360666000003,
        0.20064245366000003,
        0.19164397966000002,
        0.20004876166000002,
        0.19343071066000003,
        0.24069712666000004,
        0.19870002266000003,
        0.19989019766000002,
        0.18766173766000002,
        0.18355777266000003,
        0.18498178366,
        0.19019362366000003,
        0.20706196966,
        0.19362157166000002
      ],
      "exit_codes": [
        0,
        0,
        0,
        0,
        0,
        0,
        0,
        0,
        0,
        0,
        0,
        0,
        0,
        0,
        0,
        0
      ]
    }
  ]
}
