{
  "results": [
    {
      "command": "racket sudoku4-untyped.rkt",
      "mean": 0.7460037257600001,
      "stddev": 0.00913493073361014,
      "median": 0.74540588186,
      "user": 0.64953686,
      "system": 0.09424869999999999,
      "min": 0.73383848636,
      "max": 0.7674972753600001,
      "times": [
        0.74518210636,
        0.7506279653600001,
        0.7439684313600001,
        0.7466537803600001,
        0.7490617193600001,
        0.73383848636,
        0.7381427333600001,
        0.7456296573600001,
        0.7674972753600001,
        0.7394351023600001
      ],
      "exit_codes": [
        0,
        0,
        0,
        0,
        0,
        0,
        0,
        0,
        0,
        0
      ]
    }
  ]
}
