{
  "results": [
    {
      "command": "dune exec sudoku9-hard",
      "mean": 28.04260031608,
      "stddev": 0.16073398788841944,
      "median": 28.03592350558,
      "user": 27.82191488,
      "system": 1.19820964,
      "min": 27.82219016558,
      "max": 28.32424719658,
      "times": [
        28.07454636658,
        28.139139944580002,
        28.15458329958,
        27.82219016558,
        27.85964034858,
        28.19016927758,
        27.93039959658,
        28.32424719658,
        27.99730064458,
        27.93378632058
      ],
      "exit_codes": [
        0,
        0,
        0,
        0,
        0,
        0,
        0,
        0,
        0,
        0
      ]
    }
  ]
}
