command,mean,stddev,median,user,system,min,max
dune exec sudoku9-medium,25.8135728884,1.424998490050436,25.517002346700004,25.544018540000003,1.2479467999999998,24.912870427700003,29.758810339700002
