command,mean,stddev,median,user,system,min,max
racket sudoku4-untyped.rkt,0.7460037257600001,0.00913493073361014,0.74540588186,0.64953686,0.09424869999999999,0.73383848636,0.7674972753600001
