command,mean,stddev,median,user,system,min,max
racket sudoku4-untyped.rkt,0.7414182070600001,0.018849938559684355,0.7363819100600001,0.64780318,0.09156886,0.7200113545600001,0.77252046856
